{
  "51": -0.036432042717933655,
  "52": -0.055990297347307205,
  "53": -0.14000770449638367,
  "54": -0.037423212081193924,
  "55": 0.04347320646047592,
  "56": -0.120982326567173,
  "57": -0.12075837701559067,
  "61": -0.0070706931874156,
  "62": 0.01073786523193121,
  "63": 0.04327104613184929,
  "64": -0.05935653671622276,
  "65": -0.029369106516242027,
  "66": -0.17433053255081177,
  "67": 0.12991918623447418
}