{
  "51": 0.8530851006507874,
  "52": 2.699183225631714,
  "53": -0.755368173122406,
  "54": 1.2602078914642334,
  "55": -0.30588003993034363,
  "56": 2.051955223083496,
  "57": 1.58561372756958,
  "61": -1.5719949007034302,
  "62": -1.1339473724365234,
  "63": 1.17752206325531,
  "64": -2.9465532302856445,
  "65": -0.6829304099082947,
  "66": -1.5725860595703125,
  "67": -1.6923856735229492
}