{
  "51": 0.899511992931366,
  "52": 2.677971124649048,
  "53": 0.8120934963226318,
  "54": 0.9551267623901367,
  "55": -0.3636493384838104,
  "56": 2.084413528442383,
  "57": 1.1926273107528687,
  "61": -1.5891562700271606,
  "62": -1.1304479837417603,
  "63": -0.4911082684993744,
  "64": -2.9319698810577393,
  "65": -0.42083296179771423,
  "66": -1.4415907859802246,
  "67": -1.6921939849853516
}