{
  "51": 0.9016691446304321,
  "52": 2.715050220489502,
  "53": -0.7884339690208435,
  "54": 1.1190390586853027,
  "55": -0.27486997842788696,
  "56": 2.3246519565582275,
  "57": 1.2798936367034912,
  "61": -1.5654513835906982,
  "62": -1.125390648841858,
  "63": 1.17753267288208,
  "64": -2.932002067565918,
  "65": -0.6829091310501099,
  "66": -1.4871840476989746,
  "67": -1.6921939849853516
}