{
  "51": 0.9154749512672424,
  "52": 2.6891164779663086,
  "53": 0.9076798558235168,
  "54": 1.1786192655563354,
  "55": -0.3633404076099396,
  "56": 2.3754971027374268,
  "57": 1.301646113395691,
  "61": -1.58925199508667,
  "62": -1.1396998167037964,
  "63": -0.4219512641429901,
  "64": -2.931117534637451,
  "65": -0.5019099712371826,
  "66": -1.347325086593628,
  "67": -1.5855395793914795
}